mysql> show databases;
+--------------------+
| Database           |
+--------------------+
| addressbookservice |
| basics             |
| fundamental        |
| fundamentals       |
| information_schema |
| mysql              |
| payrollservice     |
| performance_schema |
| sys                |
| user_details       |
+--------------------+
10 rows in set (0.03 sec)

mysql>
======================================UC2==============================================================

mysql> use addressbookservice;
Database changed
mysql> show tables;
+------------------------------+
| Tables_in_addressbookservice |
+------------------------------+
| addressbook                  |
+------------------------------+
1 row in set (0.03 sec)

mysql> desc addressbook;
+---------------+-------------+------+-----+---------+-------+
| Field         | Type        | Null | Key | Default | Extra |
+---------------+-------------+------+-----+---------+-------+
| first_name    | varchar(25) | YES  |     | NULL    |       |
| last_name     | varchar(25) | YES  |     | NULL    |       |
| city          | varchar(10) | YES  |     | NULL    |       |
| state         | varchar(20) | YES  |     | NULL    |       |
| zip           | int         | YES  |     | NULL    |       |
| phone_number  | int         | YES  |     | NULL    |       |
| email         | varchar(50) | YES  |     | NULL    |       |
| serial_number | int         | YES  |     | NULL    |       |
| type          | varchar(30) | YES  |     | NULL    |       |
| address       | varchar(20) | YES  |     | NULL    |       |
+---------------+-------------+------+-----+---------+-------+
10 rows in set (0.01 sec)

mysql>
============================================UC3=======================================================

mysql> select * from addressbook;
+------------+-----------+------------+---------------+--------+--------------+------------------------------+---------------+--------+---------+
| first_name | last_name | city       | state         | zip    | phone_number | email                        | serial_number | type   | address |
+------------+-----------+------------+---------------+--------+--------------+------------------------------+---------------+--------+---------+
| srinu      | VAKAMULLU | vizag      | ANDHRAPRADESH | 532829 |    834125446 | srinuvakamullu@gmail.com     |             1 | family | NULL    |
| komalarao  | VAKAMULLU | srikakulam | ANDHRAPRADESH | 532418 |    834125446 | komalaraovakamullu@gmail.com |             2 | friend | NULL    |
+------------+-----------+------------+---------------+--------+--------------+------------------------------+---------------+--------+---------+
2 rows in set (0.00 sec)

mysql>
===================================================UC4=================================================

mysql> update addressbook set last_name = 'paidi' where first_name = 'komalarao';
Query OK, 1 row affected (0.02 sec)
Rows matched: 1  Changed: 1  Warnings: 0

mysql> select * from addressbook;
+------------+-----------+------------+---------------+--------+--------------+------------------------------+---------------+--------+---------+
| first_name | last_name | city       | state         | zip    | phone_number | email                        | serial_number | type   | address |
+------------+-----------+------------+---------------+--------+--------------+------------------------------+---------------+--------+---------+
| srinu      | VAKAMULLU | vizag      | ANDHRAPRADESH | 532829 |    834125446 | srinuvakamullu@gmail.com     |             1 | family | NULL    |
| komalarao  | paidi     | srikakulam | ANDHRAPRADESH | 532418 |    834125446 | komalaraovakamullu@gmail.com |             2 | friend | NULL    |
+------------+-----------+------------+---------------+--------+--------------+------------------------------+---------------+--------+---------+
2 rows in set (0.00 sec)

mysql>
===============================================UC5=====================================================


mysql> delete from addressbook where first_name='srinu';
Query OK, 1 row affected (0.01 sec)

mysql> select * from addressbook;
+------------+-----------+------------+---------------+--------+--------------+------------------------------+---------------+--------+---------+
| first_name | last_name | city       | state         | zip    | phone_number | email                        | serial_number | type   | address |
+------------+-----------+------------+---------------+--------+--------------+------------------------------+---------------+--------+---------+
| komalarao  | paidi     | srikakulam | ANDHRAPRADESH | 532418 |    834125446 | komalaraovakamullu@gmail.com |             2 | friend | NULL    |
+------------+-----------+------------+---------------+--------+--------------+------------------------------+---------------+--------+---------+
1 row in set (0.00 sec)

mysql>
===================================================UC6=================================================

mysql> select * from addressbook;
+------------+-----------+------------+---------------+--------+--------------+------------------------------+---------------+--------+---------+
| first_name | last_name | city       | state         | zip    | phone_number | email                        | serial_number | type   | address |
+------------+-----------+------------+---------------+--------+--------------+------------------------------+---------------+--------+---------+
| komalarao  | paidi     | srikakulam | ANDHRAPRADESH | 532418 |    834125446 | komalaraovakamullu@gmail.com |             2 | friend | NULL    |
| krishna    | rao       | benglore   | karnataka     | 500135 |    789065432 | krishnarao@gmail.com         |             3 | family | NULL    |
+------------+-----------+------------+---------------+--------+--------------+------------------------------+---------------+--------+---------+
2 rows in set (0.00 sec)

mysql> select * from addressbook where serial_number = 3;
+------------+-----------+----------+-----------+--------+--------------+----------------------+---------------+--------+---------+
| first_name | last_name | city     | state     | zip    | phone_number | email                | serial_number | type   | address |
+------------+-----------+----------+-----------+--------+--------------+----------------------+---------------+--------+---------+
| krishna    | rao       | benglore | karnataka | 500135 |    789065432 | krishnarao@gmail.com |             3 | family | NULL    |
+------------+-----------+----------+-----------+--------+--------------+----------------------+---------------+--------+---------+
1 row in set (0.00 sec)

mysql>
====================================================UC7================================================
mysql> select count(city) from addressbook;
+-------------+
| count(city) |
+-------------+
|           2 |
+-------------+
1 row in set (0.00 sec)

mysql> select count(state) from addressbook;
+--------------+
| count(state) |
+--------------+
|            2 |
+--------------+
1 row in set (0.00 sec)

mysql>